id,first_name,last_name,email,gender,is_active,joined_date
1,Kristoffer,Seymour,kseymour0@google.it,Male,false,4/26/2017
2,Quintin,Vaan,qvaan1@youtu.be,Male,true,2/7/2017
3,Manya,Glancy,mglancy2@hatena.ne.jp,Female,true,6/23/2017
4,Jard,Dann,jdann3@youku.com,Male,false,12/18/2017
5,Laureen,Fosten,lfosten4@reddit.com,Female,false,12/27/2016
6,Jerrome,Emburey,jemburey5@smh.com.au,Male,false,12/2/2017
7,Rani,Presland,rpresland6@angelfire.com,Female,false,5/7/2017
8,Jeno,Papez,jpapez7@livejournal.com,Male,false,6/1/2017
9,Shelden,Jumel,sjumel8@buzzfeed.com,Male,true,9/12/2017
10,Aluino,Gazzard,agazzard9@tmall.com,Male,true,2/14/2017
11,Anestassia,Attwooll,aattwoolla@qq.com,Female,false,6/3/2017
12,Andy,Dedam,adedamb@thetimes.co.uk,Male,true,10/14/2017
13,Sigismundo,Bunyard,sbunyardc@cpanel.net,Male,false,2/19/2017
14,Alaster,Rignoldes,arignoldesd@blogs.com,Male,true,5/24/2017
15,Neron,Gowanson,ngowansone@blogs.com,Male,true,12/21/2016
16,Arabela,Slateford,aslatefordf@microsoft.com,Female,true,3/19/2017
17,Fredia,Ocheltree,focheltreeg@smugmug.com,Female,true,6/7/2017
18,Den,Wilcockes,dwilcockesh@dmoz.org,Male,true,11/8/2016
19,Kathie,Ballentime,kballentimei@ow.ly,Female,false,11/23/2017
20,Athene,Grzelczyk,agrzelczykj@bbc.co.uk,Female,true,1/27/2018
21,Billy,Mallinder,bmallinderk@wufoo.com,Male,false,12/29/2017
22,Devina,Lehon,dlehonl@csmonitor.com,Female,false,11/5/2017
23,Kristien,Tailby,ktailbym@simplemachines.org,Female,true,2/1/2017
24,Karin,Udey,kudeyn@mtv.com,Female,true,12/17/2017
25,Elberta,Oldfield,eoldfieldo@friendfeed.com,Female,false,5/24/2017
26,Imojean,Pichan,ipichanp@auda.org.au,Female,true,2/4/2017
27,Celia,Harron,charronq@omniture.com,Female,true,8/9/2017
28,Pierce,Gwatkins,pgwatkinsr@utexas.edu,Male,false,1/24/2017
29,Lolly,Syer,lsyers@china.com.cn,Female,true,5/11/2017
30,Cristin,Antat,cantatt@deviantart.com,Female,true,8/5/2017
31,Zorah,Moulder,zmoulderu@google.fr,Female,true,4/8/2017
32,Elli,Bernardet,ebernardetv@fema.gov,Female,true,10/12/2017
33,Ingram,Leonarde,ileonardew@is.gd,Male,true,3/26/2017
34,Antoni,Di Baudi,adibaudix@samsung.com,Male,true,10/30/2017
35,Viviana,Gellately,vgellatelyy@parallels.com,Female,true,12/30/2017
36,Kanya,Twelve,ktwelvez@disqus.com,Female,true,2/3/2018
37,Ange,Boarder,aboarder10@buzzfeed.com,Female,false,10/1/2017
38,Rosalynd,Lasty,rlasty11@ucoz.ru,Female,false,1/4/2017
39,Kile,Houtbie,khoutbie12@msu.edu,Male,true,12/6/2016
40,Irita,Jamieson,ijamieson13@newyorker.com,Female,false,12/25/2017
41,Erskine,Dixey,edixey14@naver.com,Male,false,3/17/2017
42,Stace,Fredson,sfredson15@google.com.br,Female,true,1/17/2017
43,Noell,Hubbold,nhubbold16@networksolutions.com,Female,false,9/25/2017
44,Blondelle,Roseburgh,broseburgh17@shinystat.com,Female,false,6/22/2017
45,Glenna,McAline,gmcaline18@independent.co.uk,Female,false,6/18/2017
46,Kathye,Tollerton,ktollerton19@hexun.com,Female,true,6/19/2017
47,Mame,Date,mdate1a@edublogs.org,Female,false,9/17/2017
48,Olivero,Haps,ohaps1b@telegraph.co.uk,Male,false,4/13/2017
49,Sula,Viggars,sviggars1c@livejournal.com,Female,true,6/2/2017
50,Parnell,Desseine,pdesseine1d@nih.gov,Male,true,9/15/2017
51,Francesco,Sarjent,fsarjent1e@fastcompany.com,Male,false,9/28/2017
52,Daryle,Cardoo,dcardoo1f@odnoklassniki.ru,Male,true,10/7/2017
53,Lothaire,Jakes,ljakes1g@google.com.br,Male,false,7/4/2017
54,Joyous,Yeates,jyeates1h@hexun.com,Female,true,4/20/2017
55,Sydney,Neesam,sneesam1i@alibaba.com,Male,false,1/21/2018
56,Zelda,Gowanlock,zgowanlock1j@reuters.com,Female,false,7/23/2017
57,Lucretia,Haddleston,lhaddleston1k@nytimes.com,Female,true,6/10/2017
58,Estele,Hobgen,ehobgen1l@nationalgeographic.com,Female,false,10/13/2017
59,Rudie,Stolze,rstolze1m@scribd.com,Male,true,2/10/2017
60,Cordy,Pashley,cpashley1n@topsy.com,Female,false,5/8/2017
61,Elbert,Willmont,ewillmont1o@utexas.edu,Male,false,8/15/2017
62,Jonell,Payfoot,jpayfoot1p@patch.com,Female,true,11/6/2017
63,Rogers,Sambles,rsambles1q@bloglovin.com,Male,true,4/20/2017
64,Bethanne,Saurin,bsaurin1r@acquirethisname.com,Female,true,12/15/2016
65,Lenette,Monkeman,lmonkeman1s@ameblo.jp,Female,false,1/21/2017
66,Bronnie,Lowne,blowne1t@github.com,Male,true,4/5/2017
67,Marlena,Linneman,mlinneman1u@friendfeed.com,Female,false,4/21/2017
68,Westbrook,Kedward,wkedward1v@epa.gov,Male,false,3/4/2017
69,Bonnie,Esterbrook,besterbrook1w@nhs.uk,Female,true,8/26/2017
70,Hephzibah,Farady,hfarady1x@google.ca,Female,false,11/29/2017
71,Ariella,McConnel,amcconnel1y@nymag.com,Female,true,2/13/2017
72,Anallise,Lethabridge,alethabridge1z@nbcnews.com,Female,false,10/12/2017
73,Trumann,Berresford,tberresford20@washingtonpost.com,Male,false,11/25/2017
74,Geordie,Tavinor,gtavinor21@multiply.com,Male,false,5/11/2017
75,Hagan,Colledge,hcolledge22@behance.net,Male,false,4/6/2017
76,Garwood,Beake,gbeake23@nytimes.com,Male,true,5/11/2017
77,Harwilll,Schoroder,hschoroder24@cbsnews.com,Male,false,4/24/2017
78,Amalee,Cullivan,acullivan25@apple.com,Female,false,2/6/2018
79,Ignatius,Craxford,icraxford26@psu.edu,Male,false,6/19/2017
80,Birgit,Peto,bpeto27@washingtonpost.com,Female,false,3/14/2017
81,Jorey,Chalkly,jchalkly28@last.fm,Female,true,12/31/2016
82,Zeke,Carnson,zcarnson29@java.com,Male,false,10/13/2017
83,Averil,Leggen,aleggen2a@aboutads.info,Male,false,7/16/2017
84,Coleman,Ruckert,cruckert2b@mlb.com,Male,true,2/24/2017
85,Reagen,Etty,retty2c@apache.org,Male,true,3/2/2017
86,Casar,Wooddisse,cwooddisse2d@fema.gov,Male,true,10/1/2017
87,Sly,Renhard,srenhard2e@ustream.tv,Male,true,11/6/2017
88,Margery,Idney,midney2f@people.com.cn,Female,true,3/9/2017
89,Bondon,Pirazzi,bpirazzi2g@google.it,Male,false,8/21/2017
90,Jorrie,Rossbrook,jrossbrook2h@feedburner.com,Female,true,11/1/2017
91,Luigi,Rupprecht,lrupprecht2i@webeden.co.uk,Male,false,11/27/2016
92,Baxter,Matyja,bmatyja2j@free.fr,Male,true,9/18/2017
93,Portie,Choak,pchoak2k@zimbio.com,Male,true,3/8/2017
94,Hilary,Wagg,hwagg2l@imageshack.us,Male,true,2/7/2018
95,Coleen,Bigley,cbigley2m@chron.com,Female,true,12/17/2017
96,Chery,Aleswell,caleswell2n@blog.com,Female,false,1/12/2017
97,Mikey,Piser,mpiser2o@hhs.gov,Male,false,1/6/2018
98,Valentino,Boreham,vboreham2p@barnesandnoble.com,Male,true,1/14/2018
99,Kaile,Coling,kcoling2q@slate.com,Female,true,12/25/2017
100,Cristiano,Gilliatt,cgilliatt2r@wordpress.com,Male,false,4/29/2017
